<?xml version="1.0" encoding="UTF-8"?>
<Tokens version="1.0">
	<File path="Classes/TCCopyableLabel.html">
		
		<Token>
			<TokenIdentifier>//apple_ref/occ/cl/TCCopyableLabel</TokenIdentifier>
			<Abstract type="html">TCCopyableLabel is a subclass of UILabel with optional properties to allow it
to be copied to the clipboard by a user.</Abstract>
			<DeclaredIn>TCCopyableLabel.h</DeclaredIn>
            
			
			<NodeRef refid="1"/>
		</Token>
		
		
		<Token>
			<TokenIdentifier>//apple_ref/occ/instm/TCCopyableLabel/setDelegate:</TokenIdentifier>
			<Abstract type="html">Optional. A delegate that can be notified when a user copies the label.</Abstract>
			<DeclaredIn>TCCopyableLabel.h</DeclaredIn>
			
			<Declaration>@property (nonatomic, unsafe_unretained) id&lt;TCCopyableLabelDelegate&gt; delegate</Declaration>
			
			
			<Anchor>//api/name/delegate</Anchor>
            <NodeRef refid="1"/>
		</Token>
		
		<Token>
			<TokenIdentifier>//apple_ref/occ/instm/TCCopyableLabel/delegate</TokenIdentifier>
			<Abstract type="html">Optional. A delegate that can be notified when a user copies the label.</Abstract>
			<DeclaredIn>TCCopyableLabel.h</DeclaredIn>
			
			<Declaration>@property (nonatomic, unsafe_unretained) id&lt;TCCopyableLabelDelegate&gt; delegate</Declaration>
			
			
			<Anchor>//api/name/delegate</Anchor>
            <NodeRef refid="1"/>
		</Token>
		
		<Token>
			<TokenIdentifier>//apple_ref/occ/instp/TCCopyableLabel/delegate</TokenIdentifier>
			<Abstract type="html">Optional. A delegate that can be notified when a user copies the label.</Abstract>
			<DeclaredIn>TCCopyableLabel.h</DeclaredIn>
			
			<Declaration>@property (nonatomic, unsafe_unretained) id&lt;TCCopyableLabelDelegate&gt; delegate</Declaration>
			
			
			<Anchor>//api/name/delegate</Anchor>
            <NodeRef refid="1"/>
		</Token>
		
		<Token>
			<TokenIdentifier>//apple_ref/occ/instm/TCCopyableLabel/setLabelCopied:</TokenIdentifier>
			<Abstract type="html">Optional. A block to be performed when a user copies the label.</Abstract>
			<DeclaredIn>TCCopyableLabel.h</DeclaredIn>
			
			<Declaration>@property (nonatomic, copy) void ( ^ ) ( NSString *copiedString ) labelCopied</Declaration>
			
			
			<Anchor>//api/name/labelCopied</Anchor>
            <NodeRef refid="1"/>
		</Token>
		
		<Token>
			<TokenIdentifier>//apple_ref/occ/instm/TCCopyableLabel/labelCopied</TokenIdentifier>
			<Abstract type="html">Optional. A block to be performed when a user copies the label.</Abstract>
			<DeclaredIn>TCCopyableLabel.h</DeclaredIn>
			
			<Declaration>@property (nonatomic, copy) void ( ^ ) ( NSString *copiedString ) labelCopied</Declaration>
			
			
			<Anchor>//api/name/labelCopied</Anchor>
            <NodeRef refid="1"/>
		</Token>
		
		<Token>
			<TokenIdentifier>//apple_ref/occ/instp/TCCopyableLabel/labelCopied</TokenIdentifier>
			<Abstract type="html">Optional. A block to be performed when a user copies the label.</Abstract>
			<DeclaredIn>TCCopyableLabel.h</DeclaredIn>
			
			<Declaration>@property (nonatomic, copy) void ( ^ ) ( NSString *copiedString ) labelCopied</Declaration>
			
			
			<Anchor>//api/name/labelCopied</Anchor>
            <NodeRef refid="1"/>
		</Token>
		
		<Token>
			<TokenIdentifier>//apple_ref/occ/instm/TCCopyableLabel/setCopyingEnabled:</TokenIdentifier>
			<Abstract type="html">Indicates if the label can be copied or not. If set to NO, the label will behave as
a standard UILabel</Abstract>
			<DeclaredIn>TCCopyableLabel.h</DeclaredIn>
			
			<Declaration>@property (nonatomic, assign, setter=setCopyingEnabled:, getter=isCopyingEnabled) BOOL copyingEnabled</Declaration>
			
			
			<Anchor>//api/name/copyingEnabled</Anchor>
            <NodeRef refid="1"/>
		</Token>
		
		<Token>
			<TokenIdentifier>//apple_ref/occ/instm/TCCopyableLabel/isCopyingEnabled</TokenIdentifier>
			<Abstract type="html">Indicates if the label can be copied or not. If set to NO, the label will behave as
a standard UILabel</Abstract>
			<DeclaredIn>TCCopyableLabel.h</DeclaredIn>
			
			<Declaration>@property (nonatomic, assign, setter=setCopyingEnabled:, getter=isCopyingEnabled) BOOL copyingEnabled</Declaration>
			
			
			<Anchor>//api/name/copyingEnabled</Anchor>
            <NodeRef refid="1"/>
		</Token>
		
		<Token>
			<TokenIdentifier>//apple_ref/occ/instp/TCCopyableLabel/copyingEnabled</TokenIdentifier>
			<Abstract type="html">Indicates if the label can be copied or not. If set to NO, the label will behave as
a standard UILabel</Abstract>
			<DeclaredIn>TCCopyableLabel.h</DeclaredIn>
			
			<Declaration>@property (nonatomic, assign, setter=setCopyingEnabled:, getter=isCopyingEnabled) BOOL copyingEnabled</Declaration>
			
			
			<Anchor>//api/name/copyingEnabled</Anchor>
            <NodeRef refid="1"/>
		</Token>
		
		<Token>
			<TokenIdentifier>//apple_ref/occ/instm/TCCopyableLabel/setMinimumPressDuration:</TokenIdentifier>
			<Abstract type="html">The duration of the press event for the copy menu to appear.</Abstract>
			<DeclaredIn>TCCopyableLabel.h</DeclaredIn>
			
			<Declaration>@property (nonatomic, assign, setter=setMinimumPressDuration:) CFTimeInterval minimumPressDuration</Declaration>
			
			
			<Anchor>//api/name/minimumPressDuration</Anchor>
            <NodeRef refid="1"/>
		</Token>
		
		<Token>
			<TokenIdentifier>//apple_ref/occ/instm/TCCopyableLabel/minimumPressDuration</TokenIdentifier>
			<Abstract type="html">The duration of the press event for the copy menu to appear.</Abstract>
			<DeclaredIn>TCCopyableLabel.h</DeclaredIn>
			
			<Declaration>@property (nonatomic, assign, setter=setMinimumPressDuration:) CFTimeInterval minimumPressDuration</Declaration>
			
			
			<Anchor>//api/name/minimumPressDuration</Anchor>
            <NodeRef refid="1"/>
		</Token>
		
		<Token>
			<TokenIdentifier>//apple_ref/occ/instp/TCCopyableLabel/minimumPressDuration</TokenIdentifier>
			<Abstract type="html">The duration of the press event for the copy menu to appear.</Abstract>
			<DeclaredIn>TCCopyableLabel.h</DeclaredIn>
			
			<Declaration>@property (nonatomic, assign, setter=setMinimumPressDuration:) CFTimeInterval minimumPressDuration</Declaration>
			
			
			<Anchor>//api/name/minimumPressDuration</Anchor>
            <NodeRef refid="1"/>
		</Token>
		
		<Token>
			<TokenIdentifier>//apple_ref/occ/instm/TCCopyableLabel/setCustomString:</TokenIdentifier>
			<Abstract type="html">A custom string to be copied instead of the label&apos;s text property. Usefull to perform some
formatting that could make the user&apos;s life easier.</Abstract>
			<DeclaredIn>TCCopyableLabel.h</DeclaredIn>
			
			<Declaration>@property (nonatomic, copy) NSString *customString</Declaration>
			
			
			<Anchor>//api/name/customString</Anchor>
            <NodeRef refid="1"/>
		</Token>
		
		<Token>
			<TokenIdentifier>//apple_ref/occ/instm/TCCopyableLabel/customString</TokenIdentifier>
			<Abstract type="html">A custom string to be copied instead of the label&apos;s text property. Usefull to perform some
formatting that could make the user&apos;s life easier.</Abstract>
			<DeclaredIn>TCCopyableLabel.h</DeclaredIn>
			
			<Declaration>@property (nonatomic, copy) NSString *customString</Declaration>
			
			
			<Anchor>//api/name/customString</Anchor>
            <NodeRef refid="1"/>
		</Token>
		
		<Token>
			<TokenIdentifier>//apple_ref/occ/instp/TCCopyableLabel/customString</TokenIdentifier>
			<Abstract type="html">A custom string to be copied instead of the label&apos;s text property. Usefull to perform some
formatting that could make the user&apos;s life easier.</Abstract>
			<DeclaredIn>TCCopyableLabel.h</DeclaredIn>
			
			<Declaration>@property (nonatomic, copy) NSString *customString</Declaration>
			
			
			<Anchor>//api/name/customString</Anchor>
            <NodeRef refid="1"/>
		</Token>
		
		<Token>
			<TokenIdentifier>//apple_ref/occ/instm/TCCopyableLabel/initWithFrame:delegate:</TokenIdentifier>
			<Abstract type="html">Instanciates a TCCopyabelLabel and sets its delegate</Abstract>
			<DeclaredIn>TCCopyableLabel.h</DeclaredIn>
			
			<Declaration>- (instancetype)initWithFrame:(CGRect)frame delegate:(id&lt;TCCopyableLabelDelegate&gt;)delegate</Declaration>
			
			
			<Anchor>//api/name/initWithFrame:delegate:</Anchor>
            <NodeRef refid="1"/>
		</Token>
		
		<Token>
			<TokenIdentifier>//apple_ref/occ/instm/TCCopyableLabel/initWithFrame:copiedBlock:</TokenIdentifier>
			<Abstract type="html">Instanciates a TCCopyableLabel with a copyBlock</Abstract>
			<DeclaredIn>TCCopyableLabel.h</DeclaredIn>
			
			<Declaration>- (instancetype)initWithFrame:(CGRect)frame copiedBlock:(void ( ^ ) ( NSString *copiedString ))copiedBlock</Declaration>
			
			
			<Anchor>//api/name/initWithFrame:copiedBlock:</Anchor>
            <NodeRef refid="1"/>
		</Token>
		
        
        
	</File>
</Tokens>