<?xml version="1.0" encoding="UTF-8"?>
<Tokens version="1.0">
	<File path="Protocols/TCCopyableLabelDelegate.html">
		
		<Token>
			<TokenIdentifier>//apple_ref/occ/intf/TCCopyableLabelDelegate</TokenIdentifier>
			<Abstract type="html"></Abstract>
			<DeclaredIn>TCCopyableLabel.h</DeclaredIn>
            
			
			<NodeRef refid="2"/>
		</Token>
		
		
		<Token>
			<TokenIdentifier>//apple_ref/occ/intfm/TCCopyableLabelDelegate/label:didCopyText:</TokenIdentifier>
			<Abstract type="html">Optional. Called when a user copied the text of a label.</Abstract>
			<DeclaredIn>TCCopyableLabel.h</DeclaredIn>
			
			<Declaration>- (void)label:(TCCopyableLabel *)copyableLabel didCopyText:(NSString *)copiedText</Declaration>
			
			
			<Anchor>//api/name/label:didCopyText:</Anchor>
            <NodeRef refid="2"/>
		</Token>
		
        
        
	</File>
</Tokens>